{"cameraMode":{"drawMode":0,"name":"Shaded","section":"Shading Mode"},"sceneLighting":false,"audioPlay":false,"sceneViewState":{"showFog":true,"showMaterialUpdate":false,"showSkybox":true,"showFlares":true,"showImageEffects":true,"showParticleSystems":true,"showVisualEffectGraphs":true,"m_FxEnabled":true},"in2DMode":false,"pivot":{"x":2775.993896484375,"y":126.0500259399414,"z":202.5121612548828},"rotation":{"x":-0.006017182022333145,"y":-0.9691543579101563,"z":0.24540205299854279,"w":-0.023851262405514718},"size":11.552238464355469,"orthographic":false}