{"cameraMode":{"drawMode":0,"name":"Shaded","section":"Shading Mode"},"sceneLighting":false,"audioPlay":false,"sceneViewState":{"showFog":true,"showMaterialUpdate":false,"showSkybox":true,"showFlares":true,"showImageEffects":true,"showParticleSystems":true,"showVisualEffectGraphs":true,"m_FxEnabled":true},"in2DMode":false,"pivot":{"x":2482.444580078125,"y":103.37948608398438,"z":201.57969665527345},"rotation":{"x":0.35376328229904177,"y":-0.18646103143692017,"z":0.07223249971866608,"w":0.9137362837791443},"size":16.079727172851564,"orthographic":false}