{"cameraMode":{"drawMode":0,"name":"Shaded","section":"Shading Mode"},"sceneLighting":false,"audioPlay":false,"sceneViewState":{"showFog":true,"showMaterialUpdate":false,"showSkybox":true,"showFlares":true,"showImageEffects":true,"showParticleSystems":true,"showVisualEffectGraphs":true,"m_FxEnabled":true},"in2DMode":false,"pivot":{"x":2738.75927734375,"y":112.04222869873047,"z":216.66981506347657},"rotation":{"x":0.014834681525826455,"y":-0.9679015278816223,"z":0.24505579471588136,"w":0.056672703474760059},"size":10.420979499816895,"orthographic":false}